section,name,calls,total_ns,avg_ns,max_ns,call_hz,frequency_class,lock_wait_total_ns,lock_wait_max_ns
function,processBlockTotal,101,139500,1381.188,3200,1.681,low,0,0
function,analyserPushTotal,6006,261422600,43526.906,397400,99.977,high,0,0
function,analyserOscilloscope,5905,4342900,735.461,9400,98.296,high,1161000,7300
function,analyserSpectrum,5905,241895900,40964.589,393800,98.296,high,59400,1100
function,analyserDynamics,5905,11829200,2003.251,44900,98.296,high,0,0
function,uiFrameDispatcher,3206,405034100,126336.276,5274200,53.368,high,0,0
function,uiFrameAssemble,3206,393491400,122735.933,5267500,53.368,high,0,0
function,uiOnFrameDispatch,21486,224284800,10438.648,620000,357.660,high,0,0
function,uiModulePanelPaint,8683,26975787600,3106735.875,18823900,144.539,high,0,0
function,uiRepaintRequest,9140,0,0.000,0,152.146,high,0,0
function,uiRepaintSkippedInvisible,1979,0,0.000,0,32.943,high,0,0
function,uiFrameListenerFanout,21486,0,0.000,0,357.660,high,0,0
function,dataPublishLatestFrame,3206,0,0.000,0,53.368,high,0,0
function,dataGetLatestFrame,3207,0,0.000,0,53.384,high,0,0
function,dataListenerListCopy,3206,0,0.000,0,53.368,high,0,0
function,lockOsc,9111,0,0.000,0,151.663,high,1496800,7300
function,lockSpec,4477,0,0.000,0,74.525,high,145000,1100
function,lockLatestFrame,3206,0,0.000,0,53.368,high,178500,700
function,lockFrameListeners,3206,0,0.000,0,53.368,high,141900,600
function,memoryFrameSnapshotAlloc,3206,0,0.000,0,53.368,high,0,0
function,memoryFrameSnapshotRecycle,3206,0,0.000,0,53.368,high,0,0
function,lowFreqAudioSourceSwitch,1,0,0.000,0,0.017,low,0,0
function,lowFreqThemeOrUiStateChange,3,0,0.000,0,0.050,low,0,0

section,name,total_ns,cpu_share
partition,audioAnalysis,519630100,0.018221
partition,uiRendering,27998597900,0.981779
partition,dataCommunication,0,0.000000
partition,memoryManagement,0,0.000000

section,name,total_ns,calls,cpu_share
thread,unknown,0,4,0.000000
thread,audio,519630100,30998,0.018221
thread,ui,27998597900,98041,0.981779
thread,worker,0,0,0.000000

section,name,alloc_count,free_count,alloc_bytes,free_bytes,alloc_hz,free_hz
memory,global,3206,3206,120519952,120519952,53.368,53.368

section,module_type_id,module,paint_calls,paint_total_ns,paint_avg_ns,paint_max_ns,paint_over_8ms_count,paint_over_16ms_count,repaint_requests,repaint_skipped_invisible,repaint_coalesced_count,repaint_dropped_offscreen_count,dirty_area_sample_count,dirty_area_ratio_avg
ui_module,2,oscilloscope,1101,1034386300,939497.094,4659300,0,0,1137,76,442,76,1101,0.999111
ui_module,3,spectrum,1062,1455553500,1370577.684,3122300,0,0,1155,75,236,75,1062,0.984148
ui_module,5,dynamics,1090,277883900,254939.358,443600,0,0,1126,74,267,74,1090,0.998192
ui_module,8,oscilloscopeWave,1101,1531235300,1390767.757,3766200,0,0,1137,76,441,76,1101,0.999105
ui_module,14,waveform,1100,389326000,353932.727,780500,0,0,1100,74,447,74,1100,0.629108
ui_module,15,vuMeter,1102,217090900,196997.187,414700,0,0,1139,996,1403,996,1102,1.000000
ui_module,17,spectrogram3d,1053,14045501000,13338557.455,18823900,1033,4,1085,75,241,75,1053,0.979414
ui_module,19,unknown(19),1074,8024810700,7471890.782,11294400,140,0,1261,533,160,533,1074,0.992553

section,name,sample_count,min,avg,p95,max
frame_listener_dist,frameListenerCount,3206,1,6.701809,9,9
